{
"lengthUnit": "mil",
"components": {
	"fields": ["COMPONENT_NO", "COMPONENT_NAME", "LAYER", "X_COORDINATE", "Y_COORDINATE", "ANGLE"],
	"rows": [
		[1, "C1", "B", 985, -365, 270],
		[2, "C2", "B", 843.43, -572.59, 180],
		[3, "C3", "B", 780, -255, 0],
		[4, "C10", "B", -415, 450, 45],
		[5, "C11", "B", -330, 535, 45],
		[6, "C12", "B", 145, -370, 135],
		[7, "C13", "B", -470, -35, 45],
		[8, "C14", "B", -370, 355, 315],
		[9, "C15", "B", -180, 540, 315],
		[10, "C16", "B", 180, 555, 225],
		[11, "C17", "B", 500, 235, 225],
		[12, "C18", "B", -230, 490, 315],
		[13, "C19", "B", 410, 280, 315],
		[14, "C20", "B", 190, -320, 135],
		[15, "C22", "B", -1230, 240, 180],
		[16, "C24", "B", -955, 335, 90],
		[17, "C32", "T", 780, 455, 90],
		[18, "C33", "T", 1005, 550, 90],
		[19, "C34", "T", 935, 550, 90],
		[20, "C35", "B", -1205, 80, 270],
		[21, "C37", "B", -680, 260, 270],
		[22, "C38", "T", 50, -195, 270],
		[23, "C39", "T", 660, -190, 270],
		[24, "C40", "T", 705, 0, 90],
		[25, "C41", "T", 705, -345, 90],
		[26, "C43", "B", 480, -190, 315],
		[27, "C44", "B", 1470, -360, 270],
		[28, "C45", "B", 1330, -575, 180],
		[29, "C46", "B", 1265, -255, 0],
		[30, "C47", "T", 1455, 390, 0],
		[31, "C48", "B", 843.43, -490.6, 0],
		[32, "C49", "B", 900, -365, 270],
		[33, "C50", "B", 1330, -490, 0],
		[34, "C51", "B", 1385, -365, 270],
		[35, "CN1", "T", 1355, 35, 90],
		[36, "CN2", "B", -880, -705, 180],
		[37, "CN3", "B", -25, -705, 180],
		[38, "D2", "B", 1300, 195, 270],
		[39, "H1", "T", -1450, -220, 90],
		[40, "H3", "T", -1450, 330, 270],
		[41, "LED1", "T", 1540, -620, 0],
		[42, "LED2", "T", 1450, 540, 90],
		[43, "Q3", "B", 1425, 210, 270],
		[44, "Q4", "B", -515, 240, 180],
		[45, "R4", "B", 310, 430, 45],
		[46, "R5", "B", -350, -165, 225],
		[47, "R6", "T", 1420, -455, 90],
		[48, "R7", "B", 665, -350, 90],
		[49, "R8", "B", 665, -470, 90],
		[50, "R12", "B", -645, 355, 180],
		[51, "R13", "B", -615, 260, 270],
		[52, "R14", "B", -515, 115, 90],
		[53, "R15", "T", 215, 60, 270],
		[54, "R16", "T", 495, 60, 270],
		[55, "R17", "T", 1030, 0, 270],
		[56, "R18", "T", 1030, -345, 270],
		[57, "R19", "B", 1395, 65, 90],
		[58, "R21", "T", 1410, -620, 0],
		[59, "R22", "B", 1460, 65, 90],
		[60, "R27", "B", 1150, -470, 90],
		[61, "R28", "B", 1150, -350, 90],
		[62, "R29", "B", 266.76, 474.55, 45],
		[63, "R30", "B", -395, -120, 225],
		[64, "SW3", "T", 1535, -430, 90],
		[65, "U1", "B", 5, 105, 45],
		[66, "U2", "B", 780, -365, 180],
		[67, "U3", "B", -980, 75, 180],
		[68, "U4", "T", 800, 610, 0],
		[69, "U6", "T", -1447.52, 847.52, 0],
		[70, "U7", "T", -1447, -806, 0],
		[71, "U8", "T", 1466.39, -805.54, 0],
		[72, "U9", "T", 1464.39, 848, 0],
		[73, "U11", "T", -100, -390, 90],
		[74, "U12", "T", 215, -190, 90],
		[75, "U13", "T", 495, -190, 90],
		[76, "U14", "T", 870, 0, 270],
		[77, "U15", "T", 870, -355, 270],
		[78, "U16", "T", 1050, -790, 0],
		[79, "U18", "B", 1265, -365, 180],
		[80, "U19", "B", 1410, 535, 0],
		[81, "U20", "T", 795, 620, 0],
		[82, "U21", "B", 375, -290, 225],
		[83, "X1", "B", -455, 575, 225]
	]
},
"pins": {
	"fields": ["PIN_NO", "PIN_NAME", "PIN_X", "PIN_Y", "LAYER", "PIN_TYPE", "NET_NAME", "NET_TYPE", "PAD_SHAPE", "PAD_SIZEX", "PAD_SIZEY", "HOLE_SIZE", "PAD_ANGLE"],
	"rows": [
		[1, "C1_1", 985, -325.63, "B", "SMD", "12.6V", "", "R", 55.51, 53.15, 0, 270],
		[2, "C1_2", 985, -404.37, "B", "SMD", "GND", "GND", "R", 55.51, 53.15, 0, 270],
		[3, "C2_1", 882.8, -572.59, "B", "SMD", "GND", "GND", "R", 55.51, 53.15, 0, 180],
		[4, "C2_2", 804.06, -572.59, "B", "SMD", "VDD", "", "R", 55.51, 53.15, 0, 180],
		[5, "C3_1", 752.44, -255, "B", "SMD", "$1N2697", "", "R", 31.5, 35.43, 0, 0],
		[6, "C3_2", 807.56, -255, "B", "SMD", "GND", "GND", "R", 31.5, 35.43, 0, 0],
		[7, "C10_1", -434.49, 430.51, "B", "SMD", "GND", "GND", "R", 31.5, 35.43, 0, 45],
		[8, "C10_2", -395.51, 469.49, "B", "SMD", "8M_OUT", "", "R", 31.5, 35.43, 0, 45],
		[9, "C11_1", -349.49, 515.51, "B", "SMD", "8M_IN", "", "R", 31.5, 35.43, 0, 45],
		[10, "C11_2", -310.51, 554.49, "B", "SMD", "GND", "GND", "R", 31.5, 35.43, 0, 45],
		[11, "C12_1", 164.49, -389.49, "B", "SMD", "GND", "GND", "R", 31.5, 35.43, 0, 135],
		[12, "C12_2", 125.51, -350.51, "B", "SMD", "VDD", "", "R", 31.5, 35.43, 0, 135],
		[13, "C13_1", -489.49, -54.49, "B", "SMD", "GND", "GND", "R", 31.5, 35.43, 0, 45],
		[14, "C13_2", -450.51, -15.51, "B", "SMD", "VDD", "", "R", 31.5, 35.43, 0, 45],
		[15, "C14_1", -389.49, 374.49, "B", "SMD", "GND", "GND", "R", 31.5, 35.43, 0, 315],
		[16, "C14_2", -350.51, 335.51, "B", "SMD", "VDD", "", "R", 31.5, 35.43, 0, 315],
		[17, "C15_1", -199.49, 559.49, "B", "SMD", "GND", "GND", "R", 31.5, 35.43, 0, 315],
		[18, "C15_2", -160.51, 520.51, "B", "SMD", "VDD", "", "R", 31.5, 35.43, 0, 315],
		[19, "C16_1", 199.49, 574.49, "B", "SMD", "GND", "GND", "R", 31.5, 35.43, 0, 225],
		[20, "C16_2", 160.51, 535.51, "B", "SMD", "VDD", "", "R", 31.5, 35.43, 0, 225],
		[21, "C17_1", 519.49, 254.49, "B", "SMD", "GND", "GND", "R", 31.5, 35.43, 0, 225],
		[22, "C17_2", 480.51, 215.51, "B", "SMD", "VDD", "", "R", 31.5, 35.43, 0, 225],
		[23, "C18_1", -249.49, 509.49, "B", "SMD", "GND", "GND", "R", 31.5, 35.43, 0, 315],
		[24, "C18_2", -210.51, 470.51, "B", "SMD", "VDD", "", "R", 31.5, 35.43, 0, 315],
		[25, "C19_1", 390.51, 299.49, "B", "SMD", "GND", "GND", "R", 31.5, 35.43, 0, 315],
		[26, "C19_2", 429.49, 260.51, "B", "SMD", "VCAP_1", "", "R", 31.5, 35.43, 0, 315],
		[27, "C20_1", 209.49, -339.49, "B", "SMD", "GND", "GND", "R", 31.5, 35.43, 0, 135],
		[28, "C20_2", 170.51, -300.51, "B", "SMD", "VCAP_2", "", "R", 31.5, 35.43, 0, 135],
		[29, "C22_1", -1202.44, 240, "B", "SMD", "12.6V", "", "R", 31.5, 35.43, 0, 180],
		[30, "C22_2", -1257.56, 240, "B", "SMD", "GND", "GND", "R", 31.5, 35.43, 0, 180],
		[31, "C24_1", -955, 307.44, "B", "SMD", "VDD", "", "R", 31.5, 35.43, 0, 90],
		[32, "C24_2", -955, 362.56, "B", "SMD", "GND", "GND", "R", 31.5, 35.43, 0, 90],
		[33, "C32_1", 780, 427.44, "T", "SMD", "GND", "GND", "R", 31.5, 35.43, 0, 90],
		[34, "C32_2", 780, 482.56, "T", "SMD", "VDD", "", "R", 31.5, 35.43, 0, 90],
		[35, "C33_1", 1005, 522.44, "T", "SMD", "GND", "GND", "R", 31.5, 35.43, 0, 90],
		[36, "C33_2", 1005, 577.56, "T", "SMD", "VDD", "", "R", 31.5, 35.43, 0, 90],
		[37, "C34_1", 935, 522.44, "T", "SMD", "GND", "GND", "R", 31.5, 35.43, 0, 90],
		[38, "C34_2", 935, 577.56, "T", "SMD", "VDD", "", "R", 31.5, 35.43, 0, 90],
		[39, "C35_1", -1205, 146.39, "B", "SMD", "12.6V", "", "R", 69.19, 51.02, 0, 90],
		[40, "C35_2", -1205, 13.61, "B", "SMD", "GND", "GND", "R", 69.19, 51.02, 0, 90],
		[41, "C37_1", -680, 287.56, "B", "SMD", "VDD", "", "R", 31.5, 35.43, 0, 270],
		[42, "C37_2", -680, 232.44, "B", "SMD", "GND", "GND", "R", 31.5, 35.43, 0, 270],
		[43, "C38_1", 50, -167.44, "T", "SMD", "$1N17448", "", "R", 31.5, 35.43, 0, 270],
		[44, "C38_2", 50, -222.56, "T", "SMD", "KEY1", "", "R", 31.5, 35.43, 0, 270],
		[45, "C39_1", 660, -162.44, "T", "SMD", "$1N17624", "", "R", 31.5, 35.43, 0, 270],
		[46, "C39_2", 660, -217.56, "T", "SMD", "KEY2", "", "R", 31.5, 35.43, 0, 270],
		[47, "C40_1", 705, -27.56, "T", "SMD", "$1N17748", "", "R", 31.5, 35.43, 0, 90],
		[48, "C40_2", 705, 27.56, "T", "SMD", "KEY3", "", "R", 31.5, 35.43, 0, 90],
		[49, "C41_1", 705, -372.56, "T", "SMD", "$1N17872", "", "R", 31.5, 35.43, 0, 90],
		[50, "C41_2", 705, -317.44, "T", "SMD", "KEY4", "", "R", 31.5, 35.43, 0, 90],
		[51, "C43_1", 460.51, -170.51, "B", "SMD", "VDD", "", "R", 31.5, 35.43, 0, 315],
		[52, "C43_2", 499.49, -209.49, "B", "SMD", "GND", "GND", "R", 31.5, 35.43, 0, 315],
		[53, "C44_1", 1470, -320.63, "B", "SMD", "12.6V", "", "R", 55.51, 53.15, 0, 270],
		[54, "C44_2", 1470, -399.37, "B", "SMD", "GND", "GND", "R", 55.51, 53.15, 0, 270],
		[55, "C45_1", 1369.37, -575, "B", "SMD", "GND", "GND", "R", 55.51, 53.15, 0, 180],
		[56, "C45_2", 1290.63, -575, "B", "SMD", "5V", "", "R", 55.51, 53.15, 0, 180],
		[57, "C46_1", 1237.44, -255, "B", "SMD", "$1N32190", "", "R", 31.5, 35.43, 0, 0],
		[58, "C46_2", 1292.56, -255, "B", "SMD", "GND", "GND", "R", 31.5, 35.43, 0, 0],
		[59, "C47_1", 1427.44, 390, "T", "SMD", "GND", "GND", "R", 31.5, 35.43, 0, 0],
		[60, "C47_2", 1482.56, 390, "T", "SMD", "5V", "", "R", 31.5, 35.43, 0, 0],
		[61, "C48_1", 815.87, -490.6, "B", "SMD", "VDD", "", "R", 31.5, 35.43, 0, 0],
		[62, "C48_2", 870.99, -490.6, "B", "SMD", "GND", "GND", "R", 31.5, 35.43, 0, 0],
		[63, "C49_1", 900, -337.44, "B", "SMD", "12.6V", "", "R", 31.5, 35.43, 0, 270],
		[64, "C49_2", 900, -392.56, "B", "SMD", "GND", "GND", "R", 31.5, 35.43, 0, 270],
		[65, "C50_1", 1302.44, -490, "B", "SMD", "5V", "", "R", 31.5, 35.43, 0, 0],
		[66, "C50_2", 1357.56, -490, "B", "SMD", "GND", "GND", "R", 31.5, 35.43, 0, 0],
		[67, "C51_1", 1385, -337.44, "B", "SMD", "12.6V", "", "R", 31.5, 35.43, 0, 270],
		[68, "C51_2", 1385, -392.56, "B", "SMD", "GND", "GND", "R", 31.5, 35.43, 0, 270],
		[69, "CN1_1", 1158.15, -63.42, "T", "DIP", "GND", "GND", "C", 98.42, 98.42, 70.87, 90],
		[70, "CN1_1", 1158.15, -63.42, "B", "DIP", "GND", "GND", "C", 98.42, 98.42, 70.87, 90],
		[71, "CN1_2", 1158.15, 133.43, "T", "DIP", "12.6V_IN", "", "C", 98.42, 98.42, 70.87, 90],
		[72, "CN1_2", 1158.15, 133.43, "B", "DIP", "12.6V_IN", "", "C", 98.42, 98.42, 70.87, 90],
		[73, "CN1_3", 1551.85, 251.54, "T", "DIP", "GND", "GND", "C", 70.87, 70.87, 43.31, 90],
		[74, "CN1_3", 1551.85, 251.54, "B", "DIP", "GND", "GND", "C", 70.87, 70.87, 43.31, 90],
		[75, "CN1_4", 1551.85, -181.53, "T", "DIP", "GND", "GND", "C", 70.87, 70.87, 43.31, 90],
		[76, "CN1_4", 1551.85, -181.53, "B", "DIP", "GND", "GND", "C", 70.87, 70.87, 43.31, 90],
		[77, "CN2_1", -633.94, -569.66, "B", "SMD", "BO1", "", "R", 51.18, 173.23, 0, 180],
		[78, "CN2_2", -732.36, -569.66, "B", "SMD", "GND", "GND", "R", 51.18, 173.23, 0, 180],
		[79, "CN2_3", -830.79, -569.66, "B", "SMD", "E2B", "", "R", 51.18, 173.23, 0, 180],
		[80, "CN2_4", -929.21, -569.66, "B", "SMD", "E2A", "", "R", 51.18, 173.23, 0, 180],
		[81, "CN2_5", -1027.63, -569.66, "B", "SMD", "5V", "", "R", 51.18, 173.23, 0, 180],
		[82, "CN2_6", -1126.06, -569.66, "B", "SMD", "BO2", "", "R", 51.18, 173.23, 0, 180],
		[83, "CN2_7", -519.76, -840.34, "B", "SMD", "GND", "GND", "R", 70.87, 151.57, 0, 180],
		[84, "CN2_8", -1240.23, -840.34, "B", "SMD", "GND", "GND", "R", 70.87, 151.57, 0, 180],
		[85, "CN3_1", 221.06, -569.66, "B", "SMD", "AO2", "", "R", 51.18, 173.23, 0, 180],
		[86, "CN3_2", 122.65, -569.66, "B", "SMD", "GND", "GND", "R", 51.18, 173.23, 0, 180],
		[87, "CN3_3", 24.21, -569.66, "B", "SMD", "E1B", "", "R", 51.18, 173.23, 0, 180],
		[88, "CN3_4", -74.2, -569.66, "B", "SMD", "E1A", "", "R", 51.18, 173.23, 0, 180],
		[89, "CN3_5", -172.63, -569.66, "B", "SMD", "5V", "", "R", 51.18, 173.23, 0, 180],
		[90, "CN3_6", -271.06, -569.66, "B", "SMD", "AO1", "", "R", 51.18, 173.23, 0, 180],
		[91, "CN3_7", 335.24, -840.34, "B", "SMD", "GND", "GND", "R", 70.87, 151.57, 0, 180],
		[92, "CN3_8", -385.24, -840.34, "B", "SMD", "GND", "GND", "R", 70.87, 151.57, 0, 180],
		[93, "D2_1", 1300, 258, "B", "SMD", "$1N18033", "", "R", 47.24, 47.24, 0, 270],
		[94, "D2_2", 1300, 132, "B", "SMD", "GND", "GND", "R", 47.24, 47.24, 0, 270],
		[95, "H1_1", -1400, -370, "T", "DIP", "SWDIO", "", "R", 66.93, 66.93, 43.31, 90],
		[96, "H1_1", -1400, -370, "B", "DIP", "SWDIO", "", "R", 66.93, 66.93, 43.31, 90],
		[97, "H1_2", -1500, -370, "T", "DIP", "H1_2", "", "C", 66.93, 66.93, 43.31, 90],
		[98, "H1_2", -1500, -370, "B", "DIP", "H1_2", "", "C", 66.93, 66.93, 43.31, 90],
		[99, "H1_3", -1400, -270, "T", "DIP", "GND", "GND", "C", 66.93, 66.93, 43.31, 90],
		[100, "H1_3", -1400, -270, "B", "DIP", "GND", "GND", "C", 66.93, 66.93, 43.31, 90],
		[101, "H1_4", -1500, -270, "T", "DIP", "MCU_RX", "", "C", 66.93, 66.93, 43.31, 90],
		[102, "H1_4", -1500, -270, "B", "DIP", "MCU_RX", "", "C", 66.93, 66.93, 43.31, 90],
		[103, "H1_5", -1400, -170, "T", "DIP", "SWCLK", "", "C", 66.93, 66.93, 43.31, 90],
		[104, "H1_5", -1400, -170, "B", "DIP", "SWCLK", "", "C", 66.93, 66.93, 43.31, 90],
		[105, "H1_6", -1500, -170, "T", "DIP", "MCU_TX", "", "C", 66.93, 66.93, 43.31, 90],
		[106, "H1_6", -1500, -170, "B", "DIP", "MCU_TX", "", "C", 66.93, 66.93, 43.31, 90],
		[107, "H1_7", -1400, -70, "T", "DIP", "VDD", "", "C", 66.93, 66.93, 43.31, 90],
		[108, "H1_7", -1400, -70, "B", "DIP", "VDD", "", "C", 66.93, 66.93, 43.31, 90],
		[109, "H1_8", -1500, -70, "T", "DIP", "GND", "GND", "C", 66.93, 66.93, 43.31, 90],
		[110, "H1_8", -1500, -70, "B", "DIP", "GND", "GND", "C", 66.93, 66.93, 43.31, 90],
		[111, "H3_1", -1500, 630, "T", "DIP", "5V", "", "R", 66.93, 66.93, 43.31, 270],
		[112, "H3_1", -1500, 630, "B", "DIP", "5V", "", "R", 66.93, 66.93, 43.31, 270],
		[113, "H3_2", -1400, 630, "T", "DIP", "PB7", "", "C", 66.93, 66.93, 43.31, 270],
		[114, "H3_2", -1400, 630, "B", "DIP", "PB7", "", "C", 66.93, 66.93, 43.31, 270],
		[115, "H3_3", -1500, 530, "T", "DIP", "PB14", "", "C", 66.93, 66.93, 43.31, 270],
		[116, "H3_3", -1500, 530, "B", "DIP", "PB14", "", "C", 66.93, 66.93, 43.31, 270],
		[117, "H3_4", -1400, 530, "T", "DIP", "PB6", "", "C", 66.93, 66.93, 43.31, 270],
		[118, "H3_4", -1400, 530, "B", "DIP", "PB6", "", "C", 66.93, 66.93, 43.31, 270],
		[119, "H3_5", -1500, 430, "T", "DIP", "PB15", "", "C", 66.93, 66.93, 43.31, 270],
		[120, "H3_5", -1500, 430, "B", "DIP", "PB15", "", "C", 66.93, 66.93, 43.31, 270],
		[121, "H3_6", -1400, 430, "T", "DIP", "PD6", "", "C", 66.93, 66.93, 43.31, 270],
		[122, "H3_6", -1400, 430, "B", "DIP", "PD6", "", "C", 66.93, 66.93, 43.31, 270],
		[123, "H3_7", -1500, 330, "T", "DIP", "PE13", "", "C", 66.93, 66.93, 43.31, 270],
		[124, "H3_7", -1500, 330, "B", "DIP", "PE13", "", "C", 66.93, 66.93, 43.31, 270],
		[125, "H3_8", -1400, 330, "T", "DIP", "PD5", "", "C", 66.93, 66.93, 43.31, 270],
		[126, "H3_8", -1400, 330, "B", "DIP", "PD5", "", "C", 66.93, 66.93, 43.31, 270],
		[127, "H3_9", -1500, 230, "T", "DIP", "PB10", "", "C", 66.93, 66.93, 43.31, 270],
		[128, "H3_9", -1500, 230, "B", "DIP", "PB10", "", "C", 66.93, 66.93, 43.31, 270],
		[129, "H3_10", -1400, 230, "T", "DIP", "PA12", "", "C", 66.93, 66.93, 43.31, 270],
		[130, "H3_10", -1400, 230, "B", "DIP", "PA12", "", "C", 66.93, 66.93, 43.31, 270],
		[131, "H3_11", -1500, 130, "T", "DIP", "PE6", "", "C", 66.93, 66.93, 43.31, 270],
		[132, "H3_11", -1500, 130, "B", "DIP", "PE6", "", "C", 66.93, 66.93, 43.31, 270],
		[133, "H3_12", -1400, 130, "T", "DIP", "PA11", "", "C", 66.93, 66.93, 43.31, 270],
		[134, "H3_12", -1400, 130, "B", "DIP", "PA11", "", "C", 66.93, 66.93, 43.31, 270],
		[135, "H3_13", -1500, 30, "T", "DIP", "PE5", "", "C", 66.93, 66.93, 43.31, 270],
		[136, "H3_13", -1500, 30, "B", "DIP", "PE5", "", "C", 66.93, 66.93, 43.31, 270],
		[137, "H3_14", -1400, 30, "T", "DIP", "GND", "GND", "C", 66.93, 66.93, 43.31, 270],
		[138, "H3_14", -1400, 30, "B", "DIP", "GND", "GND", "C", 66.93, 66.93, 43.31, 270],
		[139, "LED1_1", 1508.52, -620, "T", "SMD", "$1N54508", "", "R", 31.5, 31.5, 0, 90],
		[140, "LED1_2", 1571.48, -620, "T", "SMD", "VDD", "", "R", 31.5, 31.5, 0, 90],
		[141, "LED2_1", 1548.42, 480.95, "T", "SMD", "5V", "", "R", 59.05, 39.37, 0, 180],
		[142, "LED2_2", 1548.42, 599.05, "T", "SMD", "LED2_2", "", "R", 59.05, 39.37, 0, 180],
		[143, "LED2_3", 1351.58, 599.05, "T", "SMD", "GND", "GND", "R", 59.05, 39.37, 0, 180],
		[144, "LED2_4", 1351.58, 480.95, "T", "SMD", "WS2812B", "", "R", 59.05, 39.37, 0, 180],
		[145, "Q3_1", 1462.4, 161.38, "B", "SMD", "$1N18088", "", "R", 42.13, 23.62, 0, 270],
		[146, "Q3_2", 1387.6, 161.37, "B", "SMD", "5V", "", "R", 42.13, 23.62, 0, 270],
		[147, "Q3_3", 1425, 258.63, "B", "SMD", "$1N18033", "", "R", 42.13, 23.62, 0, 270],
		[148, "Q4_1", -553.99, 202.6, "B", "SMD", "$1N16688", "", "R", 42.13, 20.95, 0, 180],
		[149, "Q4_2", -553.99, 277.4, "B", "SMD", "GND", "GND", "R", 42.13, 20.95, 0, 180],
		[150, "Q4_3", -476.01, 240, "B", "SMD", "$1N16699", "", "R", 42.13, 20.95, 0, 180],
		[151, "R4_1", 289.03, 409.03, "B", "SMD", "BOOT1", "", "R", 31.75, 34.02, 0, 45],
		[152, "R4_2", 330.97, 450.97, "B", "SMD", "GND", "GND", "R", 31.75, 34.02, 0, 45],
		[153, "R5_1", -329.03, -144.03, "B", "SMD", "BOOT0", "", "R", 31.75, 34.02, 0, 225],
		[154, "R5_2", -370.97, -185.97, "B", "SMD", "GND", "GND", "R", 31.75, 34.02, 0, 225],
		[155, "R6_1", 1420, -484.66, "T", "SMD", "RST", "", "R", 31.75, 34.02, 0, 90],
		[156, "R6_2", 1420, -425.34, "T", "SMD", "VDD", "", "R", 31.75, 34.02, 0, 90],
		[157, "R7_1", 665, -379.66, "B", "SMD", "$1N2951", "", "R", 31.75, 34.02, 0, 90],
		[158, "R7_2", 665, -320.34, "B", "SMD", "GND", "GND", "R", 31.75, 34.02, 0, 90],
		[159, "R8_1", 665, -499.66, "B", "SMD", "VDD", "", "R", 31.75, 34.02, 0, 90],
		[160, "R8_2", 665, -440.34, "B", "SMD", "$1N2951", "", "R", 31.75, 34.02, 0, 90],
		[161, "R12_1", -615.34, 355, "B", "SMD", "$1N16699", "", "R", 31.75, 34.02, 0, 180],
		[162, "R12_2", -674.66, 355, "B", "SMD", "$1N16689", "", "R", 31.75, 34.02, 0, 180],
		[163, "R13_1", -615, 289.66, "B", "SMD", "VDD", "", "R", 31.75, 34.02, 0, 270],
		[164, "R13_2", -615, 230.34, "B", "SMD", "$1N16688", "", "R", 31.75, 34.02, 0, 270],
		[165, "R14_1", -515, 85.34, "B", "SMD", "BLK", "", "R", 31.75, 34.02, 0, 90],
		[166, "R14_2", -515, 144.66, "B", "SMD", "$1N16688", "", "R", 31.75, 34.02, 0, 90],
		[167, "R15_1", 215, 89.66, "T", "SMD", "GND", "GND", "R", 31.75, 34.02, 0, 270],
		[168, "R15_2", 215, 30.34, "T", "SMD", "$1N17448", "", "R", 31.75, 34.02, 0, 270],
		[169, "R16_1", 495, 89.66, "T", "SMD", "GND", "GND", "R", 31.75, 34.02, 0, 270],
		[170, "R16_2", 495, 30.34, "T", "SMD", "$1N17624", "", "R", 31.75, 34.02, 0, 270],
		[171, "R17_1", 1030, 29.66, "T", "SMD", "GND", "GND", "R", 31.75, 34.02, 0, 270],
		[172, "R17_2", 1030, -29.66, "T", "SMD", "$1N17748", "", "R", 31.75, 34.02, 0, 270],
		[173, "R18_1", 1030, -315.34, "T", "SMD", "GND", "GND", "R", 31.75, 34.02, 0, 270],
		[174, "R18_2", 1030, -374.66, "T", "SMD", "$1N17872", "", "R", 31.75, 34.02, 0, 270],
		[175, "R19_1", 1395, 35.34, "B", "SMD", "5V", "", "R", 31.75, 34.02, 0, 90],
		[176, "R19_2", 1395, 94.66, "B", "SMD", "$1N18088", "", "R", 31.75, 34.02, 0, 90],
		[177, "R21_1", 1380.34, -620, "T", "SMD", "GND", "GND", "R", 31.75, 34.02, 0, 0],
		[178, "R21_2", 1439.66, -620, "T", "SMD", "$1N54508", "", "R", 31.75, 34.02, 0, 0],
		[179, "R22_1", 1460, 35.34, "B", "SMD", "BUZZ", "", "R", 31.75, 34.02, 0, 90],
		[180, "R22_2", 1460, 94.66, "B", "SMD", "$1N18088", "", "R", 31.75, 34.02, 0, 90],
		[181, "R27_1", 1150, -499.66, "B", "SMD", "5V", "", "R", 31.75, 34.02, 0, 90],
		[182, "R27_2", 1150, -440.34, "B", "SMD", "$1N32192", "", "R", 31.75, 34.02, 0, 90],
		[183, "R28_1", 1150, -379.66, "B", "SMD", "$1N32192", "", "R", 31.75, 34.02, 0, 90],
		[184, "R28_2", 1150, -320.34, "B", "SMD", "GND", "GND", "R", 31.75, 34.02, 0, 90],
		[185, "R29_1", 245.78, 453.58, "B", "SMD", "BOOT1", "", "R", 31.75, 34.02, 0, 45],
		[186, "R29_2", 287.73, 495.52, "B", "SMD", "VDD", "", "R", 31.75, 34.02, 0, 45],
		[187, "R30_1", -374.03, -99.03, "B", "SMD", "BOOT0", "", "R", 31.75, 34.02, 0, 225],
		[188, "R30_2", -415.97, -140.97, "B", "SMD", "VDD", "", "R", 31.75, 34.02, 0, 225],
		[189, "SW3_1", 1535, -516.02, "T", "SMD", "RST", "", "R", 48.42, 53.54, 0, 90],
		[190, "SW3_2", 1535, -343.98, "T", "SMD", "GND", "GND", "R", 48.42, 53.54, 0, 90],
		[191, "U1_1", -372.21, 148.15, "B", "SMD", "U1_1", "", "O", 11.81, 62.99, 0, 45],
		[192, "U1_2", -358.3, 162.06, "B", "SMD", "U1_2", "", "O", 11.81, 62.99, 0, 45],
		[193, "U1_3", -344.37, 175.99, "B", "SMD", "U1_3", "", "O", 11.81, 62.99, 0, 45],
		[194, "U1_4", -330.46, 189.9, "B", "SMD", "PE5", "", "O", 11.81, 62.99, 0, 45],
		[195, "U1_5", -316.54, 203.83, "B", "SMD", "PE6", "", "O", 11.81, 62.99, 0, 45],
		[196, "U1_6", -302.62, 217.74, "B", "SMD", "U1_6", "", "O", 11.81, 62.99, 0, 45],
		[197, "U1_7", -288.7, 231.66, "B", "SMD", "U1_7", "", "O", 11.81, 62.99, 0, 45],
		[198, "U1_8", -274.78, 245.58, "B", "SMD", "U1_8", "", "O", 11.81, 62.99, 0, 45],
		[199, "U1_9", -260.86, 259.5, "B", "SMD", "U1_9", "", "O", 11.81, 62.99, 0, 45],
		[200, "U1_10", -246.94, 273.42, "B", "SMD", "GND", "GND", "O", 11.81, 62.99, 0, 45],
		[201, "U1_11", -233.02, 287.34, "B", "SMD", "VDD", "", "O", 11.81, 62.99, 0, 45],
		[202, "U1_12", -219.1, 301.26, "B", "SMD", "8M_OUT", "", "O", 11.81, 62.99, 0, 45],
		[203, "U1_13", -205.18, 315.18, "B", "SMD", "8M_IN", "", "O", 11.81, 62.99, 0, 45],
		[204, "U1_14", -191.26, 329.1, "B", "SMD", "RST", "", "O", 11.81, 62.99, 0, 45],
		[205, "U1_15", -177.34, 343.02, "B", "SMD", "U1_15", "", "O", 11.81, 62.99, 0, 45],
		[206, "U1_16", -163.42, 356.94, "B", "SMD", "U1_16", "", "O", 11.81, 62.99, 0, 45],
		[207, "U1_17", -149.5, 370.86, "B", "SMD", "KEY3", "", "O", 11.81, 62.99, 0, 45],
		[208, "U1_18", -135.58, 384.78, "B", "SMD", "KEY4", "", "O", 11.81, 62.99, 0, 45],
		[209, "U1_19", -121.66, 398.7, "B", "SMD", "VDD", "", "O", 11.81, 62.99, 0, 45],
		[210, "U1_20", -107.74, 412.62, "B", "SMD", "GND", "GND", "O", 11.81, 62.99, 0, 45],
		[211, "U1_21", -93.83, 426.54, "B", "SMD", "VDD", "", "O", 11.81, 62.99, 0, 45],
		[212, "U1_22", -79.9, 440.46, "B", "SMD", "VDD", "", "O", 11.81, 62.99, 0, 45],
		[213, "U1_23", -65.99, 454.37, "B", "SMD", "PWMA", "", "O", 11.81, 62.99, 0, 45],
		[214, "U1_24", -52.06, 468.3, "B", "SMD", "AIN2", "", "O", 11.81, 62.99, 0, 45],
		[215, "U1_25", -38.15, 482.21, "B", "SMD", "AIN1", "", "O", 11.81, 62.99, 0, 45],
		[216, "U1_26", 48.15, 482.21, "B", "SMD", "WS2812B", "", "O", 62.99, 11.81, 0, 45],
		[217, "U1_27", 62.06, 468.3, "B", "SMD", "GND", "GND", "O", 62.99, 11.81, 0, 45],
		[218, "U1_28", 75.99, 454.37, "B", "SMD", "VDD", "", "O", 62.99, 11.81, 0, 45],
		[219, "U1_29", 89.9, 440.46, "B", "SMD", "U1_29", "", "O", 62.99, 11.81, 0, 45],
		[220, "U1_30", 103.83, 426.54, "B", "SMD", "CLK", "", "O", 62.99, 11.81, 0, 45],
		[221, "U1_31", 117.74, 412.62, "B", "SMD", "MISO", "", "O", 62.99, 11.81, 0, 45],
		[222, "U1_32", 131.66, 398.7, "B", "SMD", "MOSI", "", "O", 62.99, 11.81, 0, 45],
		[223, "U1_33", 145.58, 384.78, "B", "SMD", "CS", "", "O", 62.99, 11.81, 0, 45],
		[224, "U1_34", 159.5, 370.86, "B", "SMD", "INT1", "", "O", 62.99, 11.81, 0, 45],
		[225, "U1_35", 173.42, 356.94, "B", "SMD", "U1_35", "", "O", 62.99, 11.81, 0, 45],
		[226, "U1_36", 187.34, 343.02, "B", "SMD", "U1_36", "", "O", 62.99, 11.81, 0, 45],
		[227, "U1_37", 201.26, 329.1, "B", "SMD", "BOOT1", "", "O", 62.99, 11.81, 0, 45],
		[228, "U1_38", 215.18, 315.18, "B", "SMD", "BIN1", "", "O", 62.99, 11.81, 0, 45],
		[229, "U1_39", 229.1, 301.26, "B", "SMD", "BIN2", "", "O", 62.99, 11.81, 0, 45],
		[230, "U1_40", 243.02, 287.34, "B", "SMD", "PWMB", "", "O", 62.99, 11.81, 0, 45],
		[231, "U1_41", 256.94, 273.42, "B", "SMD", "U1_41", "", "O", 62.99, 11.81, 0, 45],
		[232, "U1_42", 270.86, 259.5, "B", "SMD", "U1_42", "", "O", 62.99, 11.81, 0, 45],
		[233, "U1_43", 284.78, 245.58, "B", "SMD", "U1_43", "", "O", 62.99, 11.81, 0, 45],
		[234, "U1_44", 298.7, 231.66, "B", "SMD", "PE13", "", "O", 62.99, 11.81, 0, 45],
		[235, "U1_45", 312.62, 217.74, "B", "SMD", "WAKE_UP", "", "O", 62.99, 11.81, 0, 45],
		[236, "U1_46", 326.54, 203.83, "B", "SMD", "IO", "", "O", 62.99, 11.81, 0, 45],
		[237, "U1_47", 340.46, 189.9, "B", "SMD", "PB10", "", "O", 62.99, 11.81, 0, 45],
		[238, "U1_48", 354.37, 175.99, "B", "SMD", "IMU_MCU_RX", "", "O", 62.99, 11.81, 0, 45],
		[239, "U1_49", 368.3, 162.06, "B", "SMD", "VCAP_1", "", "O", 62.99, 11.81, 0, 45],
		[240, "U1_50", 382.21, 148.15, "B", "SMD", "VDD", "", "O", 62.99, 11.81, 0, 45],
		[241, "U1_51", 382.21, 61.85, "B", "SMD", "KEY2", "", "O", 11.81, 62.99, 0, 45],
		[242, "U1_52", 368.3, 47.94, "B", "SMD", "KEY1", "", "O", 11.81, 62.99, 0, 45],
		[243, "U1_53", 354.37, 34.01, "B", "SMD", "PB14", "", "O", 11.81, 62.99, 0, 45],
		[244, "U1_54", 340.46, 20.1, "B", "SMD", "PB15", "", "O", 11.81, 62.99, 0, 45],
		[245, "U1_55", 326.54, 6.17, "B", "SMD", "IMU_MCU_TX", "", "O", 11.81, 62.99, 0, 45],
		[246, "U1_56", 312.62, -7.74, "B", "SMD", "U1_56", "", "O", 11.81, 62.99, 0, 45],
		[247, "U1_57", 298.7, -21.66, "B", "SMD", "U1_57", "", "O", 11.81, 62.99, 0, 45],
		[248, "U1_58", 284.78, -35.58, "B", "SMD", "U1_58", "", "O", 11.81, 62.99, 0, 45],
		[249, "U1_59", 270.86, -49.5, "B", "SMD", "E2B", "", "O", 11.81, 62.99, 0, 45],
		[250, "U1_60", 256.94, -63.42, "B", "SMD", "E2A", "", "O", 11.81, 62.99, 0, 45],
		[251, "U1_61", 243.02, -77.34, "B", "SMD", "U1_61", "", "O", 11.81, 62.99, 0, 45],
		[252, "U1_62", 229.1, -91.26, "B", "SMD", "U1_62", "", "O", 11.81, 62.99, 0, 45],
		[253, "U1_63", 215.18, -105.18, "B", "SMD", "E1B", "", "O", 11.81, 62.99, 0, 45],
		[254, "U1_64", 201.26, -119.1, "B", "SMD", "E1A", "", "O", 11.81, 62.99, 0, 45],
		[255, "U1_65", 187.34, -133.02, "B", "SMD", "WC#", "", "O", 11.81, 62.99, 0, 45],
		[256, "U1_66", 173.42, -146.94, "B", "SMD", "SDA", "", "O", 11.81, 62.99, 0, 45],
		[257, "U1_67", 159.5, -160.86, "B", "SMD", "SCL", "", "O", 11.81, 62.99, 0, 45],
		[258, "U1_68", 145.58, -174.78, "B", "SMD", "MCU_TX", "", "O", 11.81, 62.99, 0, 45],
		[259, "U1_69", 131.66, -188.7, "B", "SMD", "MCU_RX", "", "O", 11.81, 62.99, 0, 45],
		[260, "U1_70", 117.74, -202.62, "B", "SMD", "PA11", "", "O", 11.81, 62.99, 0, 45],
		[261, "U1_71", 103.83, -216.54, "B", "SMD", "PA12", "", "O", 11.81, 62.99, 0, 45],
		[262, "U1_72", 89.9, -230.46, "B", "SMD", "SWDIO", "", "O", 11.81, 62.99, 0, 45],
		[263, "U1_73", 75.99, -244.37, "B", "SMD", "VCAP_2", "", "O", 11.81, 62.99, 0, 45],
		[264, "U1_74", 62.06, -258.3, "B", "SMD", "GND", "GND", "O", 11.81, 62.99, 0, 45],
		[265, "U1_75", 48.15, -272.21, "B", "SMD", "VDD", "", "O", 11.81, 62.99, 0, 45],
		[266, "U1_76", -38.15, -272.21, "B", "SMD", "SWCLK", "", "O", 62.99, 11.81, 0, 45],
		[267, "U1_77", -52.06, -258.3, "B", "SMD", "LCD_CS", "", "O", 62.99, 11.81, 0, 45],
		[268, "U1_78", -65.99, -244.37, "B", "SMD", "LCD_SCK", "", "O", 62.99, 11.81, 0, 45],
		[269, "U1_79", -79.9, -230.46, "B", "SMD", "DC", "", "O", 62.99, 11.81, 0, 45],
		[270, "U1_80", -93.83, -216.54, "B", "SMD", "LCD_MOSI", "", "O", 62.99, 11.81, 0, 45],
		[271, "U1_81", -107.74, -202.62, "B", "SMD", "LCD_RST", "", "O", 62.99, 11.81, 0, 45],
		[272, "U1_82", -121.66, -188.7, "B", "SMD", "U1_82", "", "O", 62.99, 11.81, 0, 45],
		[273, "U1_83", -135.58, -174.78, "B", "SMD", "U1_83", "", "O", 62.99, 11.81, 0, 45],
		[274, "U1_84", -149.5, -160.86, "B", "SMD", "U1_84", "", "O", 62.99, 11.81, 0, 45],
		[275, "U1_85", -163.42, -146.94, "B", "SMD", "U1_85", "", "O", 62.99, 11.81, 0, 45],
		[276, "U1_86", -177.34, -133.02, "B", "SMD", "PD5", "", "O", 62.99, 11.81, 0, 45],
		[277, "U1_87", -191.26, -119.1, "B", "SMD", "PD6", "", "O", 62.99, 11.81, 0, 45],
		[278, "U1_88", -205.18, -105.18, "B", "SMD", "U1_88", "", "O", 62.99, 11.81, 0, 45],
		[279, "U1_89", -219.1, -91.26, "B", "SMD", "U1_89", "", "O", 62.99, 11.81, 0, 45],
		[280, "U1_90", -233.02, -77.34, "B", "SMD", "U1_90", "", "O", 62.99, 11.81, 0, 45],
		[281, "U1_91", -246.94, -63.42, "B", "SMD", "BLK", "", "O", 62.99, 11.81, 0, 45],
		[282, "U1_92", -260.86, -49.5, "B", "SMD", "PB6", "", "O", 62.99, 11.81, 0, 45],
		[283, "U1_93", -274.78, -35.58, "B", "SMD", "PB7", "", "O", 62.99, 11.81, 0, 45],
		[284, "U1_94", -288.7, -21.66, "B", "SMD", "BOOT0", "", "O", 62.99, 11.81, 0, 45],
		[285, "U1_95", -302.62, -7.74, "B", "SMD", "BUZZ", "", "O", 62.99, 11.81, 0, 45],
		[286, "U1_96", -316.54, 6.17, "B", "SMD", "U1_96", "", "O", 62.99, 11.81, 0, 45],
		[287, "U1_97", -330.46, 20.1, "B", "SMD", "U1_97", "", "O", 62.99, 11.81, 0, 45],
		[288, "U1_98", -344.37, 34.01, "B", "SMD", "U1_98", "", "O", 62.99, 11.81, 0, 45],
		[289, "U1_99", -358.3, 47.94, "B", "SMD", "GND", "GND", "O", 62.99, 11.81, 0, 45],
		[290, "U1_100", -372.21, 61.85, "B", "SMD", "VDD", "", "O", 62.99, 11.81, 0, 45],
		[291, "U2_1", 824.3, -326.62, "B", "SMD", "12.6V", "", "R", 25.59, 17.72, 0, 180],
		[292, "U2_2", 824.3, -352.21, "B", "SMD", "12.6V", "", "R", 25.59, 17.72, 0, 180],
		[293, "U2_3", 824.3, -377.79, "B", "SMD", "GND", "GND", "R", 25.59, 17.72, 0, 180],
		[294, "U2_4", 824.3, -403.38, "B", "SMD", "VDD", "", "R", 25.59, 17.72, 0, 180],
		[295, "U2_5", 735.7, -403.38, "B", "SMD", "VDD", "", "R", 25.59, 17.72, 0, 180],
		[296, "U2_6", 735.7, -377.79, "B", "SMD", "$1N2951", "", "R", 25.59, 17.72, 0, 180],
		[297, "U2_7", 735.7, -352.21, "B", "SMD", "U2_7", "", "R", 25.59, 17.72, 0, 180],
		[298, "U2_8", 735.7, -326.62, "B", "SMD", "$1N2697", "", "R", 25.59, 17.72, 0, 180],
		[299, "U2_9", 780, -365, "B", "SMD", "GND", "GND", "R", 74.8, 43.31, 0, 90],
		[300, "U3_1", -839.25, -62.44, "B", "SMD", "AO1", "", "O", 14.33, 81.97, 0, 180],
		[301, "U3_2", -864.84, -62.44, "B", "SMD", "AO1", "", "O", 14.33, 81.97, 0, 180],
		[302, "U3_3", -890.43, -62.44, "B", "SMD", "GND", "GND", "O", 14.33, 81.97, 0, 180],
		[303, "U3_4", -916.02, -62.44, "B", "SMD", "GND", "GND", "O", 14.33, 81.97, 0, 180],
		[304, "U3_5", -941.61, -62.44, "B", "SMD", "AO2", "", "O", 14.33, 81.97, 0, 180],
		[305, "U3_6", -967.21, -62.44, "B", "SMD", "AO2", "", "O", 14.33, 81.97, 0, 180],
		[306, "U3_7", -992.8, -62.44, "B", "SMD", "BO2", "", "O", 14.33, 81.97, 0, 180],
		[307, "U3_8", -1018.39, -62.44, "B", "SMD", "BO2", "", "O", 14.33, 81.97, 0, 180],
		[308, "U3_9", -1043.98, -62.44, "B", "SMD", "GND", "GND", "O", 14.33, 81.97, 0, 180],
		[309, "U3_10", -1069.57, -62.44, "B", "SMD", "GND", "GND", "O", 14.33, 81.97, 0, 180],
		[310, "U3_11", -1095.16, -62.44, "B", "SMD", "BO1", "", "O", 14.33, 81.97, 0, 180],
		[311, "U3_12", -1120.75, -62.44, "B", "SMD", "BO1", "", "O", 14.33, 81.97, 0, 180],
		[312, "U3_13", -1120.75, 212.44, "B", "SMD", "12.6V", "", "O", 14.33, 81.97, 0, 180],
		[313, "U3_14", -1095.16, 212.44, "B", "SMD", "12.6V", "", "O", 14.33, 81.97, 0, 180],
		[314, "U3_15", -1069.57, 212.44, "B", "SMD", "PWMB", "", "O", 14.33, 81.97, 0, 180],
		[315, "U3_16", -1043.98, 212.44, "B", "SMD", "BIN2", "", "O", 14.33, 81.97, 0, 180],
		[316, "U3_17", -1018.39, 212.44, "B", "SMD", "BIN1", "", "O", 14.33, 81.97, 0, 180],
		[317, "U3_18", -992.8, 212.44, "B", "SMD", "GND", "GND", "O", 14.33, 81.97, 0, 180],
		[318, "U3_19", -967.21, 212.44, "B", "SMD", "VDD", "", "O", 14.33, 81.97, 0, 180],
		[319, "U3_20", -941.61, 212.44, "B", "SMD", "VDD", "", "O", 14.33, 81.97, 0, 180],
		[320, "U3_21", -916.02, 212.44, "B", "SMD", "AIN1", "", "O", 14.33, 81.97, 0, 180],
		[321, "U3_22", -890.43, 212.44, "B", "SMD", "AIN2", "", "O", 14.33, 81.97, 0, 180],
		[322, "U3_23", -864.84, 212.44, "B", "SMD", "PWMA", "", "O", 14.33, 81.97, 0, 180],
		[323, "U3_24", -839.25, 212.44, "B", "SMD", "12.6V", "", "O", 14.33, 81.97, 0, 180],
		[324, "U4_1", 750.31, 639.53, "T", "SMD", "MISO", "", "R", 26.57, 11.02, 0, 0],
		[325, "U4_2", 750.31, 619.84, "T", "SMD", "U4_2", "", "R", 26.57, 11.02, 0, 0],
		[326, "U4_3", 750.31, 600.16, "T", "SMD", "U4_3", "", "R", 26.57, 11.02, 0, 0],
		[327, "U4_4", 750.31, 580.47, "T", "SMD", "INT1", "", "R", 26.57, 11.02, 0, 0],
		[328, "U4_5", 780.31, 570.14, "T", "SMD", "VDD", "", "R", 11.02, 26.57, 0, 0],
		[329, "U4_6", 800, 570.14, "T", "SMD", "GND", "GND", "R", 11.02, 26.57, 0, 0],
		[330, "U4_7", 819.69, 570.14, "T", "SMD", "GND", "GND", "R", 11.02, 26.57, 0, 0],
		[331, "U4_8", 849.69, 580.47, "T", "SMD", "VDD", "", "R", 26.57, 11.02, 0, 0],
		[332, "U4_9", 849.69, 600.16, "T", "SMD", "U4_9", "", "R", 26.57, 11.02, 0, 0],
		[333, "U4_10", 849.69, 619.84, "T", "SMD", "U4_10", "", "R", 26.57, 11.02, 0, 0],
		[334, "U4_11", 849.69, 639.53, "T", "SMD", "GND", "GND", "R", 26.57, 11.02, 0, 0],
		[335, "U4_12", 819.69, 649.86, "T", "SMD", "CS", "", "R", 11.02, 26.57, 0, 0],
		[336, "U4_13", 800, 649.86, "T", "SMD", "CLK", "", "R", 11.02, 26.57, 0, 0],
		[337, "U4_14", 780.31, 649.86, "T", "SMD", "MOSI", "", "R", 11.02, 26.57, 0, 0],
		[338, "U6_1", -1399.29, 904.32, "T", "SMD", "GND", "GND", "P", 88.58, 88.58, 0, 0],
		[339, "U6_1", -1399.29, 790.71, "T", "SMD", "GND", "GND", "P", 88.58, 88.58, 0, 0],
		[340, "U6_1", -1495.75, 904.32, "T", "SMD", "GND", "GND", "P", 88.58, 88.58, 0, 0],
		[341, "U6_1", -1495.75, 790.73, "T", "SMD", "GND", "GND", "P", 88.58, 88.58, 0, 0],
		[342, "U7_1", -1398.77, -749.19, "T", "SMD", "GND", "GND", "P", 88.58, 88.58, 0, 0],
		[343, "U7_1", -1398.77, -862.8, "T", "SMD", "GND", "GND", "P", 88.58, 88.58, 0, 0],
		[344, "U7_1", -1495.23, -749.19, "T", "SMD", "GND", "GND", "P", 88.58, 88.58, 0, 0],
		[345, "U7_1", -1495.23, -862.78, "T", "SMD", "GND", "GND", "P", 88.58, 88.58, 0, 0],
		[346, "U8_1", 1514.62, -748.74, "T", "SMD", "GND", "GND", "P", 88.58, 88.58, 0, 0],
		[347, "U8_1", 1514.62, -862.35, "T", "SMD", "GND", "GND", "P", 88.58, 88.58, 0, 0],
		[348, "U8_1", 1418.16, -748.74, "T", "SMD", "GND", "GND", "P", 88.58, 88.58, 0, 0],
		[349, "U8_1", 1418.16, -862.33, "T", "SMD", "GND", "GND", "P", 88.58, 88.58, 0, 0],
		[350, "U9_1", 1512.62, 904.8, "T", "SMD", "GND", "GND", "P", 88.58, 88.58, 0, 0],
		[351, "U9_1", 1512.62, 791.2, "T", "SMD", "GND", "GND", "P", 88.58, 88.58, 0, 0],
		[352, "U9_1", 1416.16, 904.8, "T", "SMD", "GND", "GND", "P", 88.58, 88.58, 0, 0],
		[353, "U9_1", 1416.16, 791.21, "T", "SMD", "GND", "GND", "P", 88.58, 88.58, 0, 0],
		[354, "U11_1", -461, 377, "T", "SMD", "GND", "GND", "P", 196.82, 13.78, 0, 90],
		[355, "U11_2", -461, 349, "T", "SMD", "$1N16689", "", "P", 196.82, 13.78, 0, 90],
		[356, "U11_3", -461, 321, "T", "SMD", "VDD", "", "P", 196.82, 13.78, 0, 90],
		[357, "U11_4", -461, 293, "T", "SMD", "VDD", "", "P", 196.82, 13.78, 0, 90],
		[358, "U11_5", -461, 265, "T", "SMD", "GND", "GND", "P", 196.82, 13.78, 0, 90],
		[359, "U11_6", -461, 237, "T", "SMD", "GND", "GND", "P", 196.82, 13.78, 0, 90],
		[360, "U11_7", -461, 209, "T", "SMD", "DC", "", "P", 196.82, 13.78, 0, 90],
		[361, "U11_8", -461, 181, "T", "SMD", "LCD_CS", "", "P", 196.82, 13.78, 0, 90],
		[362, "U11_9", -461, 153, "T", "SMD", "LCD_SCK", "", "P", 196.82, 13.78, 0, 90],
		[363, "U11_10", -461, 125, "T", "SMD", "LCD_MOSI", "", "P", 196.82, 13.78, 0, 90],
		[364, "U11_11", -461, 97, "T", "SMD", "LCD_RST", "", "P", 196.82, 13.78, 0, 90],
		[365, "U11_12", -461, 69, "T", "SMD", "GND", "GND", "P", 196.82, 13.78, 0, 90],
		[366, "U12_1", 215, -315.69, "T", "SMD", "KEY1", "", "R", 78.15, 59.53, 0, 90],
		[367, "U12_2", 215, -64.31, "T", "SMD", "$1N17448", "", "R", 78.15, 59.53, 0, 90],
		[368, "U13_1", 495, -315.69, "T", "SMD", "KEY2", "", "R", 78.15, 59.53, 0, 90],
		[369, "U13_2", 495, -64.31, "T", "SMD", "$1N17624", "", "R", 78.15, 59.53, 0, 90],
		[370, "U14_1", 870, 125.69, "T", "SMD", "KEY3", "", "R", 78.15, 59.53, 0, 270],
		[371, "U14_2", 870, -125.69, "T", "SMD", "$1N17748", "", "R", 78.15, 59.53, 0, 270],
		[372, "U15_1", 870, -229.31, "T", "SMD", "KEY4", "", "R", 78.15, 59.53, 0, 270],
		[373, "U15_2", 870, -480.69, "T", "SMD", "$1N17872", "", "R", 78.15, 59.53, 0, 270],
		[374, "U16_1", 861.02, -790, "T", "DIP", "U16_1", "", "O", 66.93, 114.17, 90.55, 0],
		[375, "U16_1", 861.02, -790, "B", "DIP", "U16_1", "", "O", 66.93, 114.17, 90.55, 0],
		[376, "U16_2", 1050.01, -790, "T", "DIP", "12.6V", "", "O", 66.93, 114.17, 90.55, 0],
		[377, "U16_2", 1050.01, -790, "B", "DIP", "12.6V", "", "O", 66.93, 114.17, 90.55, 0],
		[378, "U16_3", 1238.98, -790, "T", "DIP", "12.6V_IN", "", "O", 66.93, 114.17, 90.55, 0],
		[379, "U16_3", 1238.98, -790, "B", "DIP", "12.6V_IN", "", "O", 66.93, 114.17, 90.55, 0],
		[380, "U18_1", 1309.29, -326.62, "B", "SMD", "12.6V", "", "R", 25.59, 17.72, 0, 180],
		[381, "U18_2", 1309.29, -352.21, "B", "SMD", "12.6V", "", "R", 25.59, 17.72, 0, 180],
		[382, "U18_3", 1309.29, -377.79, "B", "SMD", "GND", "GND", "R", 25.59, 17.72, 0, 180],
		[383, "U18_4", 1309.29, -403.38, "B", "SMD", "5V", "", "R", 25.59, 17.72, 0, 180],
		[384, "U18_5", 1220.7, -403.38, "B", "SMD", "5V", "", "R", 25.59, 17.72, 0, 180],
		[385, "U18_6", 1220.7, -377.79, "B", "SMD", "$1N32192", "", "R", 25.59, 17.72, 0, 180],
		[386, "U18_7", 1220.7, -352.21, "B", "SMD", "U18_7", "", "R", 25.59, 17.72, 0, 180],
		[387, "U18_8", 1220.7, -326.62, "B", "SMD", "$1N32190", "", "R", 25.59, 17.72, 0, 180],
		[388, "U18_9", 1264.99, -365, "B", "SMD", "GND", "GND", "R", 74.8, 43.31, 0, 90],
		[389, "U19_1", 1268.27, 393.28, "B", "SMD", "$1N18033", "", "R", 94.49, 94.49, 0, 90],
		[390, "U19_2", 1268.27, 676.73, "B", "SMD", "GND", "GND", "R", 94.49, 94.49, 0, 90],
		[391, "U19_3", 1551.72, 676.72, "B", "SMD", "U19_3", "", "R", 94.49, 94.49, 0, 90],
		[392, "U19_4", 1551.73, 393.27, "B", "SMD", "U19_4", "", "R", 94.49, 94.49, 0, 90],
		[393, "U20_1", 450, 355, "T", "DIP", "GND", "GND", "C", 60, 60, 36, 90],
		[394, "U20_1", 450, 355, "B", "DIP", "GND", "GND", "C", 60, 60, 36, 90],
		[395, "U20_2", 450, 455, "T", "DIP", "U20_2", "", "C", 60, 60, 36, 90],
		[396, "U20_2", 450, 455, "B", "DIP", "U20_2", "", "C", 60, 60, 36, 90],
		[397, "U20_3", 450, 555, "T", "DIP", "U20_3", "", "C", 60, 60, 36, 90],
		[398, "U20_3", 450, 555, "B", "DIP", "U20_3", "", "C", 60, 60, 36, 90],
		[399, "U20_4", 450, 655, "T", "DIP", "U20_4", "", "C", 60, 60, 36, 90],
		[400, "U20_4", 450, 655, "B", "DIP", "U20_4", "", "C", 60, 60, 36, 90],
		[401, "U20_5", 450, 755, "T", "DIP", "GND", "GND", "C", 60, 60, 36, 90],
		[402, "U20_5", 450, 755, "B", "DIP", "GND", "GND", "C", 60, 60, 36, 90],
		[403, "U20_6", 450, 855, "T", "DIP", "5V", "", "C", 60, 60, 36, 90],
		[404, "U20_6", 450, 855, "B", "DIP", "5V", "", "C", 60, 60, 36, 90],
		[405, "U20_7", 1147.99, 855, "T", "DIP", "U20_7", "", "C", 60, 60, 36, 90],
		[406, "U20_7", 1147.99, 855, "B", "DIP", "U20_7", "", "C", 60, 60, 36, 90],
		[407, "U20_8", 1147.99, 755, "T", "DIP", "WAKE_UP", "", "C", 60, 60, 36, 90],
		[408, "U20_8", 1147.99, 755, "B", "DIP", "WAKE_UP", "", "C", 60, 60, 36, 90],
		[409, "U20_9", 1147.99, 655, "T", "DIP", "U20_9", "", "C", 60, 60, 36, 90],
		[410, "U20_9", 1147.99, 655, "B", "DIP", "U20_9", "", "C", 60, 60, 36, 90],
		[411, "U20_10", 1147.99, 555, "T", "DIP", "IO", "", "C", 60, 60, 36, 90],
		[412, "U20_10", 1147.99, 555, "B", "DIP", "IO", "", "C", 60, 60, 36, 90],
		[413, "U20_11", 1147.99, 455, "T", "DIP", "IMU_MCU_TX", "", "C", 60, 60, 36, 90],
		[414, "U20_11", 1147.99, 455, "B", "DIP", "IMU_MCU_TX", "", "C", 60, 60, 36, 90],
		[415, "U20_12", 1147.99, 355, "T", "DIP", "IMU_MCU_RX", "", "C", 60, 60, 36, 90],
		[416, "U20_12", 1147.99, 355, "B", "DIP", "IMU_MCU_RX", "", "C", 60, 60, 36, 90],
		[417, "U21_1", 505.21, -314.15, "B", "SMD", "GND", "GND", "O", 23.15, 80.51, 0, 225],
		[418, "U21_2", 469.86, -349.5, "B", "SMD", "GND", "GND", "O", 23.15, 80.51, 0, 225],
		[419, "U21_3", 434.5, -384.86, "B", "SMD", "GND", "GND", "O", 23.15, 80.51, 0, 225],
		[420, "U21_4", 399.15, -420.21, "B", "SMD", "GND", "GND", "O", 23.15, 80.51, 0, 225],
		[421, "U21_5", 244.79, -265.85, "B", "SMD", "SDA", "", "O", 23.15, 80.51, 0, 225],
		[422, "U21_6", 280.14, -230.5, "B", "SMD", "SCL", "", "O", 23.15, 80.51, 0, 225],
		[423, "U21_7", 315.5, -195.14, "B", "SMD", "WC#", "", "O", 23.15, 80.51, 0, 225],
		[424, "U21_8", 350.85, -159.79, "B", "SMD", "VDD", "", "O", 23.15, 80.51, 0, 225],
		[425, "X1_1", -400.02, 581.26, "B", "SMD", "8M_IN", "", "R", 55.12, 47.24, 0, 225],
		[426, "X1_2", -461.26, 520.02, "B", "SMD", "GND", "GND", "R", 55.12, 47.24, 0, 225],
		[427, "X1_3", -509.98, 568.74, "B", "SMD", "8M_OUT", "", "R", 55.12, 47.24, 0, 225],
		[428, "X1_4", -448.74, 629.98, "B", "SMD", "GND", "GND", "R", 55.12, 47.24, 0, 225]
	]
}
}